[{"model": "admin.logentry", "pk": 1, "fields": {"action_time": "2021-02-16T18:32:53.264Z", "user": 1, "content_type": 7, "object_id": "1", "object_repr": "Category object (1)", "action_flag": 1, "change_message": "[{\"added\": {}}]"}}, {"model": "admin.logentry", "pk": 2, "fields": {"action_time": "2021-02-16T18:35:20.049Z", "user": 1, "content_type": 7, "object_id": "2", "object_repr": "Category object (2)", "action_flag": 1, "change_message": "[{\"added\": {}}]"}}, {"model": "admin.logentry", "pk": 3, "fields": {"action_time": "2021-02-16T18:35:35.356Z", "user": 1, "content_type": 7, "object_id": "1", "object_repr": "Category object (1)", "action_flag": 2, "change_message": "[{\"changed\": {\"fields\": [\"Title\"]}}]"}}, {"model": "admin.logentry", "pk": 4, "fields": {"action_time": "2021-02-16T18:36:18.536Z", "user": 1, "content_type": 7, "object_id": "3", "object_repr": "Category object (3)", "action_flag": 1, "change_message": "[{\"added\": {}}]"}}, {"model": "admin.logentry", "pk": 5, "fields": {"action_time": "2021-02-16T18:37:00.182Z", "user": 1, "content_type": 7, "object_id": "4", "object_repr": "Category object (4)", "action_flag": 1, "change_message": "[{\"added\": {}}]"}}, {"model": "admin.logentry", "pk": 6, "fields": {"action_time": "2021-02-18T17:29:24.873Z", "user": 1, "content_type": 8, "object_id": "1", "object_repr": "Tortellini Skewers:9", "action_flag": 1, "change_message": "[{\"added\": {}}]"}}, {"model": "admin.logentry", "pk": 7, "fields": {"action_time": "2021-02-18T17:30:50.084Z", "user": 1, "content_type": 8, "object_id": "2", "object_repr": "Fried Ravioli:7", "action_flag": 1, "change_message": "[{\"added\": {}}]"}}, {"model": "admin.logentry", "pk": 8, "fields": {"action_time": "2021-02-18T17:32:22.406Z", "user": 1, "content_type": 8, "object_id": "3", "object_repr": "Wild Mushroom Arancini:9", "action_flag": 1, "change_message": "[{\"added\": {}}]"}}, {"model": "admin.logentry", "pk": 9, "fields": {"action_time": "2021-02-18T17:33:44.638Z", "user": 1, "content_type": 8, "object_id": "4", "object_repr": "Mozzarella Sticks:10", "action_flag": 1, "change_message": "[{\"added\": {}}]"}}, {"model": "admin.logentry", "pk": 10, "fields": {"action_time": "2021-02-18T17:35:58.575Z", "user": 1, "content_type": 8, "object_id": "5", "object_repr": "Leek And Potato Soup:13", "action_flag": 1, "change_message": "[{\"added\": {}}]"}}, {"model": "admin.logentry", "pk": 11, "fields": {"action_time": "2021-02-18T17:36:08.574Z", "user": 1, "content_type": 8, "object_id": "5", "object_repr": "Leek And Potato Soup:13.00", "action_flag": 2, "change_message": "[]"}}, {"model": "admin.logentry", "pk": 12, "fields": {"action_time": "2021-02-18T17:37:24.598Z", "user": 1, "content_type": 8, "object_id": "6", "object_repr": "Beef Tenderloin:16", "action_flag": 1, "change_message": "[{\"added\": {}}]"}}, {"model": "admin.logentry", "pk": 13, "fields": {"action_time": "2021-02-18T17:39:45.688Z", "user": 1, "content_type": 8, "object_id": "7", "object_repr": "Caramel Kisses Brownies:13", "action_flag": 1, "change_message": "[{\"added\": {}}]"}}, {"model": "admin.logentry", "pk": 14, "fields": {"action_time": "2021-02-18T17:40:46.217Z", "user": 1, "content_type": 8, "object_id": "8", "object_repr": "Snickers Ice Cream Browni:16", "action_flag": 1, "change_message": "[{\"added\": {}}]"}}, {"model": "admin.logentry", "pk": 15, "fields": {"action_time": "2021-02-18T18:32:07.298Z", "user": 1, "content_type": 7, "object_id": "5", "object_repr": "Special:5", "action_flag": 1, "change_message": "[{\"added\": {}}]"}}, {"model": "admin.logentry", "pk": 16, "fields": {"action_time": "2021-02-18T18:33:42.944Z", "user": 1, "content_type": 8, "object_id": "9", "object_repr": "Special 1:14", "action_flag": 1, "change_message": "[{\"added\": {}}]"}}, {"model": "admin.logentry", "pk": 17, "fields": {"action_time": "2021-02-18T18:34:04.696Z", "user": 1, "content_type": 8, "object_id": "9", "object_repr": "Special 1:14.00", "action_flag": 2, "change_message": "[]"}}, {"model": "admin.logentry", "pk": 18, "fields": {"action_time": "2021-02-18T18:34:44.314Z", "user": 1, "content_type": 8, "object_id": "10", "object_repr": "Special 2:15", "action_flag": 1, "change_message": "[{\"added\": {}}]"}}, {"model": "admin.logentry", "pk": 19, "fields": {"action_time": "2021-02-18T18:35:31.685Z", "user": 1, "content_type": 8, "object_id": "11", "object_repr": "Special 3:13", "action_flag": 1, "change_message": "[{\"added\": {}}]"}}, {"model": "admin.logentry", "pk": 20, "fields": {"action_time": "2021-02-18T18:36:06.431Z", "user": 1, "content_type": 7, "object_id": "5", "object_repr": "Special:5", "action_flag": 2, "change_message": "[{\"changed\": {\"fields\": [\"Is visible\"]}}]"}}, {"model": "admin.logentry", "pk": 21, "fields": {"action_time": "2021-02-20T17:07:10.916Z", "user": 1, "content_type": 9, "object_id": "1", "object_repr": "Our Story:Vindica te tibi, et tempus quod adhuc aut auferebatur aut subripiebatur aut excidebat collige et serva. Persuade tibi hoc sic esse ut scribo: quaedam tempora eripiuntur nobis, quaedam subduc", "action_flag": 1, "change_message": "[{\"added\": {}}]"}}, {"model": "admin.logentry", "pk": 22, "fields": {"action_time": "2021-02-20T17:15:43.773Z", "user": 1, "content_type": 9, "object_id": "1", "object_repr": "Our Story:Vindica te tibi, et tempus quod adhuc aut auferebatur aut subripiebatur aut excidebat collige et serva. Persuade tibi hoc sic esse ut scribo: quaedam tempora eripiuntur nobis, quaedam subduc", "action_flag": 2, "change_message": "[]"}}, {"model": "admin.logentry", "pk": 23, "fields": {"action_time": "2021-02-20T17:21:07.985Z", "user": 1, "content_type": 9, "object_id": "1", "object_repr": "Our Stor:Vindica te tibi, et tempus quod adhuc aut auferebatur aut subripiebatur aut excidebat collige et serva. Persuade tibi hoc sic esse ut scribo: quaedam tempora eripiuntur nobis, quaedam subducu", "action_flag": 2, "change_message": "[{\"changed\": {\"fields\": [\"Title\"]}}]"}}, {"model": "admin.logentry", "pk": 24, "fields": {"action_time": "2021-02-20T17:21:32.658Z", "user": 1, "content_type": 9, "object_id": "1", "object_repr": "Our Story:Vindica te tibi, et tempus quod adhuc aut auferebatur aut subripiebatur aut excidebat collige et serva. Persuade tibi hoc sic esse ut scribo: quaedam tempora eripiuntur nobis, quaedam subduc", "action_flag": 2, "change_message": "[{\"changed\": {\"fields\": [\"Title\"]}}]"}}, {"model": "admin.logentry", "pk": 25, "fields": {"action_time": "2021-02-20T18:36:22.625Z", "user": 1, "content_type": 9, "object_id": "1", "object_repr": "Our Story:Vindica te tibi, et tempus quod adhuc aut auferebatur aut subripiebatur aut excidebat collige et serva. Persuade tibi hoc sic esse ut scribo: quaedam tempora eripiuntur nobis, quaedam subduc", "action_flag": 2, "change_message": "[{\"changed\": {\"fields\": [\"Desc\"]}}]"}}, {"model": "admin.logentry", "pk": 26, "fields": {"action_time": "2021-02-20T18:37:28.841Z", "user": 1, "content_type": 9, "object_id": "1", "object_repr": "Story of caffe:Vindica te tibi, et tempus quod adhuc aut auferebatur aut subripiebatur aut excidebat collige et serva. Persuade tibi hoc sic esse ut scribo: quaedam tempora eripiuntur nobis, quaedam s", "action_flag": 2, "change_message": "[{\"changed\": {\"fields\": [\"Title\"]}}]"}}, {"model": "admin.logentry", "pk": 27, "fields": {"action_time": "2021-02-20T18:37:55.564Z", "user": 1, "content_type": 9, "object_id": "1", "object_repr": "Our Story:Vindica te tibi, et tempus quod adhuc aut auferebatur aut subripiebatur aut excidebat collige et serva. Persuade tibi hoc sic esse ut scribo: quaedam tempora eripiuntur nobis, quaedam subduc", "action_flag": 2, "change_message": "[{\"changed\": {\"fields\": [\"Title\"]}}]"}}, {"model": "admin.logentry", "pk": 28, "fields": {"action_time": "2021-02-20T18:38:24.099Z", "user": 1, "content_type": 9, "object_id": "1", "object_repr": "Story:Vindica te tibi, et tempus quod adhuc aut auferebatur aut subripiebatur aut excidebat collige et serva. Persuade tibi hoc sic esse ut scribo: quaedam tempora eripiuntur nobis, quaedam subducuntu", "action_flag": 2, "change_message": "[{\"changed\": {\"fields\": [\"Title\"]}}]"}}, {"model": "admin.logentry", "pk": 29, "fields": {"action_time": "2021-02-20T18:38:40.476Z", "user": 1, "content_type": 9, "object_id": "1", "object_repr": "Our Story:Vindica te tibi, et tempus quod adhuc aut auferebatur aut subripiebatur aut excidebat collige et serva. Persuade tibi hoc sic esse ut scribo: quaedam tempora eripiuntur nobis, quaedam subduc", "action_flag": 2, "change_message": "[{\"changed\": {\"fields\": [\"Title\"]}}]"}}, {"model": "admin.logentry", "pk": 30, "fields": {"action_time": "2021-02-20T18:49:20.533Z", "user": 1, "content_type": 10, "object_id": "1", "object_repr": "Our chef:SpongeBob is a childish and joyful sea sponge who lives in a pineapple with his pet snail Gary in the underwater city of Bikini Bottom. He works as a fry cook at the Krusty Krab", "action_flag": 1, "change_message": "[{\"added\": {}}]"}}, {"model": "admin.logentry", "pk": 31, "fields": {"action_time": "2021-02-23T19:01:44.101Z", "user": 1, "content_type": 9, "object_id": "1", "object_repr": "Story:Vindica te tibi, et tempus quod adhuc aut auferebatur aut subripiebatur aut excidebat collige et serva. Persuade tibi hoc sic esse ut scribo: quaedam tempora eripiuntur nobis, quaedam subducuntu", "action_flag": 2, "change_message": "[{\"changed\": {\"fields\": [\"Title\"]}}]"}}, {"model": "admin.logentry", "pk": 32, "fields": {"action_time": "2021-02-24T14:31:55.876Z", "user": 1, "content_type": 15, "object_id": "1", "object_repr": "Kiev; Gogolya; 24", "action_flag": 1, "change_message": "[{\"added\": {}}]"}}, {"model": "admin.logentry", "pk": 33, "fields": {"action_time": "2021-02-24T14:32:32.046Z", "user": 1, "content_type": 15, "object_id": "2", "object_repr": "Bucha; Griboedova; 61", "action_flag": 1, "change_message": "[{\"added\": {}}]"}}, {"model": "admin.logentry", "pk": 34, "fields": {"action_time": "2021-02-24T14:33:41.049Z", "user": 1, "content_type": 15, "object_id": "3", "object_repr": "Kiev; Melnikova; 3-G", "action_flag": 1, "change_message": "[{\"added\": {}}]"}}, {"model": "admin.logentry", "pk": 35, "fields": {"action_time": "2021-02-24T14:35:28.342Z", "user": 1, "content_type": 14, "object_id": "1", "object_repr": "(044)983-61-3", "action_flag": 1, "change_message": "[{\"added\": {}}]"}}, {"model": "admin.logentry", "pk": 36, "fields": {"action_time": "2021-02-24T14:35:36.581Z", "user": 1, "content_type": 14, "object_id": "2", "object_repr": "(044)206-41-5", "action_flag": 1, "change_message": "[{\"added\": {}}]"}}, {"model": "admin.logentry", "pk": 37, "fields": {"action_time": "2021-02-24T14:35:45.327Z", "user": 1, "content_type": 14, "object_id": "3", "object_repr": "(044)339-03-3", "action_flag": 1, "change_message": "[{\"added\": {}}]"}}, {"model": "admin.logentry", "pk": 38, "fields": {"action_time": "2021-02-24T14:36:51.560Z", "user": 1, "content_type": 12, "object_id": "1", "object_repr": "Mon-Friday - 09:00-24:00", "action_flag": 1, "change_message": "[{\"added\": {}}]"}}, {"model": "admin.logentry", "pk": 39, "fields": {"action_time": "2021-02-24T14:37:29.140Z", "user": 1, "content_type": 12, "object_id": "2", "object_repr": "Sat-Sun - 11:00-02:00", "action_flag": 1, "change_message": "[{\"added\": {}}]"}}, {"model": "admin.logentry", "pk": 40, "fields": {"action_time": "2021-02-24T14:39:35.822Z", "user": 1, "content_type": 11, "object_id": "1", "object_repr": "Name : example@mail.com : Message", "action_flag": 1, "change_message": "[{\"added\": {}}]"}}, {"model": "admin.logentry", "pk": 41, "fields": {"action_time": "2021-02-24T14:40:12.394Z", "user": 1, "content_type": 14, "object_id": "2", "object_repr": "(045)206-41-5", "action_flag": 2, "change_message": "[{\"changed\": {\"fields\": [\"Phone\"]}}]"}}, {"model": "admin.logentry", "pk": 42, "fields": {"action_time": "2021-02-24T14:40:35.596Z", "user": 1, "content_type": 13, "object_id": "1", "object_repr": "CafeInfo object (1)", "action_flag": 1, "change_message": "[{\"added\": {}}]"}}, {"model": "admin.logentry", "pk": 43, "fields": {"action_time": "2021-02-24T14:40:39.180Z", "user": 1, "content_type": 13, "object_id": "1", "object_repr": "CafeInfo object (1)", "action_flag": 2, "change_message": "[]"}}, {"model": "admin.logentry", "pk": 44, "fields": {"action_time": "2021-02-24T14:40:50.075Z", "user": 1, "content_type": 13, "object_id": "2", "object_repr": "CafeInfo object (2)", "action_flag": 1, "change_message": "[{\"added\": {}}]"}}, {"model": "admin.logentry", "pk": 45, "fields": {"action_time": "2021-02-24T14:40:54.871Z", "user": 1, "content_type": 13, "object_id": "3", "object_repr": "CafeInfo object (3)", "action_flag": 1, "change_message": "[{\"added\": {}}]"}}, {"model": "admin.logentry", "pk": 46, "fields": {"action_time": "2021-03-04T18:26:31.659Z", "user": 1, "content_type": 3, "object_id": "1", "object_repr": "manager", "action_flag": 1, "change_message": "[{\"added\": {}}]"}}, {"model": "admin.logentry", "pk": 47, "fields": {"action_time": "2021-03-04T18:26:57.369Z", "user": 1, "content_type": 4, "object_id": "2", "object_repr": "Dan", "action_flag": 2, "change_message": "[{\"changed\": {\"fields\": [\"Groups\"]}}]"}}, {"model": "admin.logentry", "pk": 48, "fields": {"action_time": "2021-03-07T18:34:38.178Z", "user": 1, "content_type": 4, "object_id": "3", "object_repr": "Dan1", "action_flag": 2, "change_message": "[{\"changed\": {\"fields\": [\"Staff status\"]}}]"}}, {"model": "auth.permission", "pk": 1, "fields": {"name": "Can add log entry", "content_type": 1, "codename": "add_logentry"}}, {"model": "auth.permission", "pk": 2, "fields": {"name": "Can change log entry", "content_type": 1, "codename": "change_logentry"}}, {"model": "auth.permission", "pk": 3, "fields": {"name": "Can delete log entry", "content_type": 1, "codename": "delete_logentry"}}, {"model": "auth.permission", "pk": 4, "fields": {"name": "Can view log entry", "content_type": 1, "codename": "view_logentry"}}, {"model": "auth.permission", "pk": 5, "fields": {"name": "Can add permission", "content_type": 2, "codename": "add_permission"}}, {"model": "auth.permission", "pk": 6, "fields": {"name": "Can change permission", "content_type": 2, "codename": "change_permission"}}, {"model": "auth.permission", "pk": 7, "fields": {"name": "Can delete permission", "content_type": 2, "codename": "delete_permission"}}, {"model": "auth.permission", "pk": 8, "fields": {"name": "Can view permission", "content_type": 2, "codename": "view_permission"}}, {"model": "auth.permission", "pk": 9, "fields": {"name": "Can add group", "content_type": 3, "codename": "add_group"}}, {"model": "auth.permission", "pk": 10, "fields": {"name": "Can change group", "content_type": 3, "codename": "change_group"}}, {"model": "auth.permission", "pk": 11, "fields": {"name": "Can delete group", "content_type": 3, "codename": "delete_group"}}, {"model": "auth.permission", "pk": 12, "fields": {"name": "Can view group", "content_type": 3, "codename": "view_group"}}, {"model": "auth.permission", "pk": 13, "fields": {"name": "Can add user", "content_type": 4, "codename": "add_user"}}, {"model": "auth.permission", "pk": 14, "fields": {"name": "Can change user", "content_type": 4, "codename": "change_user"}}, {"model": "auth.permission", "pk": 15, "fields": {"name": "Can delete user", "content_type": 4, "codename": "delete_user"}}, {"model": "auth.permission", "pk": 16, "fields": {"name": "Can view user", "content_type": 4, "codename": "view_user"}}, {"model": "auth.permission", "pk": 17, "fields": {"name": "Can add content type", "content_type": 5, "codename": "add_contenttype"}}, {"model": "auth.permission", "pk": 18, "fields": {"name": "Can change content type", "content_type": 5, "codename": "change_contenttype"}}, {"model": "auth.permission", "pk": 19, "fields": {"name": "Can delete content type", "content_type": 5, "codename": "delete_contenttype"}}, {"model": "auth.permission", "pk": 20, "fields": {"name": "Can view content type", "content_type": 5, "codename": "view_contenttype"}}, {"model": "auth.permission", "pk": 21, "fields": {"name": "Can add session", "content_type": 6, "codename": "add_session"}}, {"model": "auth.permission", "pk": 22, "fields": {"name": "Can change session", "content_type": 6, "codename": "change_session"}}, {"model": "auth.permission", "pk": 23, "fields": {"name": "Can delete session", "content_type": 6, "codename": "delete_session"}}, {"model": "auth.permission", "pk": 24, "fields": {"name": "Can view session", "content_type": 6, "codename": "view_session"}}, {"model": "auth.permission", "pk": 25, "fields": {"name": "Can add category", "content_type": 7, "codename": "add_category"}}, {"model": "auth.permission", "pk": 26, "fields": {"name": "Can change category", "content_type": 7, "codename": "change_category"}}, {"model": "auth.permission", "pk": 27, "fields": {"name": "Can delete category", "content_type": 7, "codename": "delete_category"}}, {"model": "auth.permission", "pk": 28, "fields": {"name": "Can view category", "content_type": 7, "codename": "view_category"}}, {"model": "auth.permission", "pk": 29, "fields": {"name": "Can add dish", "content_type": 8, "codename": "add_dish"}}, {"model": "auth.permission", "pk": 30, "fields": {"name": "Can change dish", "content_type": 8, "codename": "change_dish"}}, {"model": "auth.permission", "pk": 31, "fields": {"name": "Can delete dish", "content_type": 8, "codename": "delete_dish"}}, {"model": "auth.permission", "pk": 32, "fields": {"name": "Can view dish", "content_type": 8, "codename": "view_dish"}}, {"model": "auth.permission", "pk": 33, "fields": {"name": "Can add story", "content_type": 9, "codename": "add_story"}}, {"model": "auth.permission", "pk": 34, "fields": {"name": "Can change story", "content_type": 9, "codename": "change_story"}}, {"model": "auth.permission", "pk": 35, "fields": {"name": "Can delete story", "content_type": 9, "codename": "delete_story"}}, {"model": "auth.permission", "pk": 36, "fields": {"name": "Can view story", "content_type": 9, "codename": "view_story"}}, {"model": "auth.permission", "pk": 37, "fields": {"name": "Can add chef", "content_type": 10, "codename": "add_chef"}}, {"model": "auth.permission", "pk": 38, "fields": {"name": "Can change chef", "content_type": 10, "codename": "change_chef"}}, {"model": "auth.permission", "pk": 39, "fields": {"name": "Can delete chef", "content_type": 10, "codename": "delete_chef"}}, {"model": "auth.permission", "pk": 40, "fields": {"name": "Can view chef", "content_type": 10, "codename": "view_chef"}}, {"model": "auth.permission", "pk": 41, "fields": {"name": "Can add massage", "content_type": 11, "codename": "add_massage"}}, {"model": "auth.permission", "pk": 42, "fields": {"name": "Can change massage", "content_type": 11, "codename": "change_massage"}}, {"model": "auth.permission", "pk": 43, "fields": {"name": "Can delete massage", "content_type": 11, "codename": "delete_massage"}}, {"model": "auth.permission", "pk": 44, "fields": {"name": "Can view massage", "content_type": 11, "codename": "view_massage"}}, {"model": "auth.permission", "pk": 45, "fields": {"name": "Can add opening hours", "content_type": 12, "codename": "add_openinghours"}}, {"model": "auth.permission", "pk": 46, "fields": {"name": "Can change opening hours", "content_type": 12, "codename": "change_openinghours"}}, {"model": "auth.permission", "pk": 47, "fields": {"name": "Can delete opening hours", "content_type": 12, "codename": "delete_openinghours"}}, {"model": "auth.permission", "pk": 48, "fields": {"name": "Can view opening hours", "content_type": 12, "codename": "view_openinghours"}}, {"model": "auth.permission", "pk": 49, "fields": {"name": "Can add cafe info", "content_type": 13, "codename": "add_cafeinfo"}}, {"model": "auth.permission", "pk": 50, "fields": {"name": "Can change cafe info", "content_type": 13, "codename": "change_cafeinfo"}}, {"model": "auth.permission", "pk": 51, "fields": {"name": "Can delete cafe info", "content_type": 13, "codename": "delete_cafeinfo"}}, {"model": "auth.permission", "pk": 52, "fields": {"name": "Can view cafe info", "content_type": 13, "codename": "view_cafeinfo"}}, {"model": "auth.permission", "pk": 53, "fields": {"name": "Can add phone", "content_type": 14, "codename": "add_phone"}}, {"model": "auth.permission", "pk": 54, "fields": {"name": "Can change phone", "content_type": 14, "codename": "change_phone"}}, {"model": "auth.permission", "pk": 55, "fields": {"name": "Can delete phone", "content_type": 14, "codename": "delete_phone"}}, {"model": "auth.permission", "pk": 56, "fields": {"name": "Can view phone", "content_type": 14, "codename": "view_phone"}}, {"model": "auth.permission", "pk": 57, "fields": {"name": "Can add address", "content_type": 15, "codename": "add_address"}}, {"model": "auth.permission", "pk": 58, "fields": {"name": "Can change address", "content_type": 15, "codename": "change_address"}}, {"model": "auth.permission", "pk": 59, "fields": {"name": "Can delete address", "content_type": 15, "codename": "delete_address"}}, {"model": "auth.permission", "pk": 60, "fields": {"name": "Can view address", "content_type": 15, "codename": "view_address"}}, {"model": "auth.permission", "pk": 61, "fields": {"name": "Can add message", "content_type": 11, "codename": "add_message"}}, {"model": "auth.permission", "pk": 62, "fields": {"name": "Can change message", "content_type": 11, "codename": "change_message"}}, {"model": "auth.permission", "pk": 63, "fields": {"name": "Can delete message", "content_type": 11, "codename": "delete_message"}}, {"model": "auth.permission", "pk": 64, "fields": {"name": "Can view message", "content_type": 11, "codename": "view_message"}}, {"model": "auth.group", "pk": 1, "fields": {"name": "manager", "permissions": []}}, {"model": "auth.user", "pk": 1, "fields": {"password": "pbkdf2_sha256$216000$0qX7rQ0rQO7H$FRXalV8yFI6/r2TPF9rEfk+h3rvAmqC4tMi1o758sws=", "last_login": "2021-03-12T15:44:50.622Z", "is_superuser": true, "username": "admin", "first_name": "", "last_name": "", "email": "admin@gmail.com", "is_staff": true, "is_active": true, "date_joined": "2021-02-16T18:29:29.536Z", "groups": [], "user_permissions": []}}, {"model": "auth.user", "pk": 2, "fields": {"password": "pbkdf2_sha256$216000$B1uJAIJ3bVik$LMCpt08Xzoz7EWK8vOyA9HiKox+dRrF2mpQKRdr8OWQ=", "last_login": "2021-03-12T15:46:00.592Z", "is_superuser": false, "username": "Dan", "first_name": "", "last_name": "", "email": "", "is_staff": false, "is_active": true, "date_joined": "2021-03-04T17:46:08Z", "groups": [1], "user_permissions": []}}, {"model": "auth.user", "pk": 3, "fields": {"password": "pbkdf2_sha256$216000$QdzyoCprA1yc$Izzjcg0cegFIuW3JsnYziIPdsd9ihzJ/irTCT3XumTc=", "last_login": "2021-03-12T15:46:13.707Z", "is_superuser": false, "username": "Dan1", "first_name": "", "last_name": "", "email": "", "is_staff": true, "is_active": true, "date_joined": "2021-03-04T18:40:04Z", "groups": [], "user_permissions": []}}, {"model": "auth.user", "pk": 4, "fields": {"password": "pbkdf2_sha256$216000$0IwntpafOwdZ$VYb9HPA4QYasAGfmJwSK0Ggpo5wmOGb68KWJ7nA9rJw=", "last_login": null, "is_superuser": false, "username": "dan2", "first_name": "", "last_name": "", "email": "", "is_staff": false, "is_active": true, "date_joined": "2021-03-12T15:49:28.713Z", "groups": [], "user_permissions": []}}, {"model": "sessions.session", "pk": "um5n7kt224k61b2ox0mjqtaykqzedlf6", "fields": {"session_data": ".eJxVjDkOwjAUBe_iGll28AYlPWew_mYcQI4UJxXi7hApBbRvZt5LZViXmtcucx5ZnZVVh98NgR7SNsB3aLdJ09SWeUS9KXqnXV8nludld_8OKvT6rTEAMBylWKQCyWMJcUgnsUImBlciOw8E6D06EBOpuGCS5zAkTs6Sen8AIic48Q:1lC57P:YD6d9-XhJnjz6xVjhoblzBYKlzA0RYBSjgc_qPNW-BQ", "expire_date": "2021-03-02T18:30:39.553Z"}}, {"model": "main_gusto.category", "pk": 1, "fields": {"title": "Dessert", "photo": "media/images/category/dbedfeea-6051-4612-9bf0-c410344ad68b.jpg", "category_order": 1, "is_visible": true}}, {"model": "main_gusto.category", "pk": 2, "fields": {"title": "Side dishes", "photo": "media/images/category/d90a1f18-66e8-4e86-adc5-4630506bd554.jpg", "category_order": 2, "is_visible": true}}, {"model": "main_gusto.category", "pk": 3, "fields": {"title": "Snacks", "photo": "media/images/category/fd5f09b0-91b8-4cf8-9375-9f7720a948c4.jpg", "category_order": 3, "is_visible": true}}, {"model": "main_gusto.category", "pk": 4, "fields": {"title": "Main dishes", "photo": "media/images/category/def93bdc-f1e0-4c4b-ab5f-fad70f384878.jpg", "category_order": 4, "is_visible": true}}, {"model": "main_gusto.category", "pk": 5, "fields": {"title": "Special", "photo": "media/images/category/6d8924b0-c55b-4128-a35a-40d6da919e55.png", "category_order": 5, "is_visible": false}}, {"model": "main_gusto.dish", "pk": 1, "fields": {"title": "Tortellini Skewers", "photo": "media/images/dishes/232e381d-63f1-4345-ac78-9f71175bcaf3.jpeg", "dish_order": 1, "is_visible": true, "price": "9.00", "desc": "Lorem ipsum dolor sit amet, consectetur adipiscing elit, duis sed dapibus leo nec ornare diam.", "category": 3}}, {"model": "main_gusto.dish", "pk": 2, "fields": {"title": "Fried Ravioli", "photo": "media/images/dishes/84181803-de11-4f88-ab42-9ce848b9d96e.jpg", "dish_order": 2, "is_visible": true, "price": "7.00", "desc": "Lorem ipsum", "category": 3}}, {"model": "main_gusto.dish", "pk": 3, "fields": {"title": "Wild Mushroom Arancini", "photo": "media/images/dishes/e93b08fd-7337-4525-89df-14c8d3af678e.jpg", "dish_order": 1, "is_visible": true, "price": "9.00", "desc": "dolor sit amet", "category": 4}}, {"model": "main_gusto.dish", "pk": 4, "fields": {"title": "Mozzarella Sticks", "photo": "media/images/dishes/b57f14d1-8f4c-4126-bf6c-0ecb79a3f280.jpg", "dish_order": 2, "is_visible": true, "price": "10.00", "desc": "consectetur adipiscing elit", "category": 4}}, {"model": "main_gusto.dish", "pk": 5, "fields": {"title": "Leek And Potato Soup", "photo": "media/images/dishes/15028db4-5577-4f1b-a9a5-35820c500022.jpg", "dish_order": 1, "is_visible": true, "price": "13.00", "desc": "duis sed dapibus leo nec ornare diam.", "category": 2}}, {"model": "main_gusto.dish", "pk": 6, "fields": {"title": "Beef Tenderloin", "photo": "media/images/dishes/f3aba8a6-455b-44f0-a083-752de92871ff.jpg", "dish_order": 2, "is_visible": true, "price": "16.00", "desc": "consectetur adipiscing elit, duis", "category": 2}}, {"model": "main_gusto.dish", "pk": 7, "fields": {"title": "Caramel Kisses Brownies", "photo": "media/images/dishes/5baa1b39-8f36-46fa-b475-da9dc9c839ae.jpg", "dish_order": 1, "is_visible": true, "price": "13.00", "desc": "Magnum res est vocis", "category": 1}}, {"model": "main_gusto.dish", "pk": 9, "fields": {"title": "Special 1", "photo": "media/images/dishes/70142837-609d-4ac7-a655-05158db5ed4c.jfif", "dish_order": 1, "is_visible": true, "price": "14.00", "desc": "Argumento morum", "category": 5}}, {"model": "main_gusto.dish", "pk": 10, "fields": {"title": "Special 2", "photo": "media/images/dishes/8a8c77a2-f7e6-47b2-b69e-d0d8b6df0dcf.jpg", "dish_order": 2, "is_visible": true, "price": "15.00", "desc": "def", "category": 5}}, {"model": "main_gusto.dish", "pk": 11, "fields": {"title": "Special 3", "photo": "media/images/dishes/eda75f8d-4191-48b0-9bc0-dad1c6e29e92.jfif", "dish_order": 3, "is_visible": true, "price": "13.00", "desc": "defdef", "category": 5}}, {"model": "main_gusto.dish", "pk": 12, "fields": {"title": "Cake is a lie", "photo": "media/images/dishes/a262c844-4858-451c-afc0-d708b83d205f.jpg", "dish_order": 33, "is_visible": true, "price": "33.00", "desc": "GLADOS", "category": 1}}, {"model": "main_gusto.story", "pk": 1, "fields": {"title": "Story", "photo": "media/images/category/9cc5d2e0-cdc4-43bb-a81e-417991d46b1f.png", "desc": "Vindica te tibi, et tempus quod adhuc aut auferebatur aut subripiebatur aut excidebat collige et serva. Persuade tibi hoc sic esse ut scribo: quaedam tempora eripiuntur nobis, quaedam subducuntur"}}, {"model": "main_gusto.chef", "pk": 1, "fields": {"title": "Our chef", "photo": "media/images/category/03df4d13-b91b-4229-a958-83df3094027a.jpg", "desc": "SpongeBob is a childish and joyful sea sponge who lives in a pineapple with his pet snail Gary in the underwater city of Bikini Bottom. He works as a fry cook at the Krusty Krab"}}, {"model": "main_gusto.phone", "pk": 1, "fields": {"phone": "(044)983-61-3", "is_visible": true}}, {"model": "main_gusto.phone", "pk": 2, "fields": {"phone": "(045)206-41-5", "is_visible": true}}, {"model": "main_gusto.phone", "pk": 3, "fields": {"phone": "(044)339-03-3", "is_visible": true}}, {"model": "main_gusto.address", "pk": 1, "fields": {"city": "Kiev", "street": "Gogolya", "home": "24", "is_visible": true}}, {"model": "main_gusto.address", "pk": 2, "fields": {"city": "Bucha", "street": "Griboedova", "home": "61", "is_visible": true}}, {"model": "main_gusto.address", "pk": 3, "fields": {"city": "Kiev", "street": "Melnikova", "home": "3-G", "is_visible": true}}, {"model": "main_gusto.openinghours", "pk": 1, "fields": {"day": "Mon-Friday", "hours_start": "09:00", "hours_end": "24:00"}}, {"model": "main_gusto.openinghours", "pk": 2, "fields": {"day": "Sat-Sun", "hours_start": "11:00", "hours_end": "02:00"}}, {"model": "main_gusto.cafeinfo", "pk": 1, "fields": {"address_id": 1, "phone_id": 1}}, {"model": "main_gusto.cafeinfo", "pk": 2, "fields": {"address_id": 3, "phone_id": 3}}, {"model": "main_gusto.cafeinfo", "pk": 3, "fields": {"address_id": 2, "phone_id": 2}}, {"model": "main_gusto.message", "pk": 1, "fields": {"user_name": "Name", "user_email": "example@mail.com", "user_message": "Message", "pub_date": "2021-02-24", "is_processed": true}}, {"model": "main_gusto.message", "pk": 2, "fields": {"user_name": "Name", "user_email": "example@mail.com", "user_message": "fdg", "pub_date": "2021-02-25", "is_processed": false}}, {"model": "main_gusto.message", "pk": 3, "fields": {"user_name": "User name", "user_email": "example@mail.com", "user_message": "sasas", "pub_date": "2021-03-02", "is_processed": false}}, {"model": "main_gusto.message", "pk": 4, "fields": {"user_name": "Name", "user_email": "example@mail.com", "user_message": "htgjhjhghj", "pub_date": "2021-03-02", "is_processed": false}}, {"model": "main_gusto.message", "pk": 5, "fields": {"user_name": "Name", "user_email": "example@mail.com", "user_message": "lkjkljljkkjlkljnb", "pub_date": "2021-03-02", "is_processed": false}}, {"model": "main_gusto.message", "pk": 6, "fields": {"user_name": "User name", "user_email": "example@mail.com", "user_message": "hjgjglaasdxzc", "pub_date": "2021-03-02", "is_processed": false}}, {"model": "main_gusto.message", "pk": 7, "fields": {"user_name": "User name", "user_email": "example@mail.com", "user_message": "hgfbnn xc", "pub_date": "2021-03-02", "is_processed": false}}, {"model": "main_gusto.message", "pk": 8, "fields": {"user_name": "obi wan", "user_email": "example@mail.com", "user_message": "hello there", "pub_date": "2021-03-07", "is_processed": false}}, {"model": "main_gusto.message", "pk": 9, "fields": {"user_name": "Name", "user_email": "example@mail.com", "user_message": "hello world", "pub_date": "2021-03-12", "is_processed": false}}]